{"smartmag-bbpress":{"smartmag-block-posts-small-3":{"heading":"Blog Posts","posts":"4","pagination":"0","scheme":"","title_tag":"h4","columns":"","space_below":"none","cat_labels":"","title_lines":"","show_media":"1","media_pos":"left","media_ratio":"","reviews":"","show_post_formats":"0","meta_items_default":"1","meta_cat_style":"text","meta_author_img":"0","show_title":"1","style":"a","container_width":"33","carousel":"0","carousel_arrows":"b","query_type":"custom","sort_by":"","sort_order":"desc","offset":"","reviews_only":"0","tags":"","post_ids":"","taxonomy":"","post_type":"post","heading_type":"","heading_colors":"","heading_link":"","heading_more_text":"","heading_more_link":"","column_gap":"","css_column_gap":"","css_row_gap":"","separators":"1","heading_align":"left","has_css":"1"}},"smartmag-primary":{"smartmag-block-codes-3":{"widget_title":"","code":"<a href=\"https:\/\/theme-sphere.com\/buy\/go.php?theme=smartmag\" target=\"_blank\">\r\n<img src=\"https:\/\/smartmag.theme-sphere.com\/news-bulletin\/wp-content\/uploads\/sites\/26\/2021\/11\/News-Right.jpg\" width=\"336\" height=\"280\" alt=\"Demo\" \/>\r\n<\/a>","code_amp":"","label":""},"smartmag-block-highlights-2":{"heading":"Don't Miss","posts":"4","scheme":"","title_tag":"h2","small_style":"a","columns":"","space_below":"none","cat_labels":"","title_lines":"","excerpts":"1","excerpt_lines":"","excerpt_length":"15","content_center":"0","show_media":"1","media_ratio":"","read_more":"","reviews":"","show_post_formats":"1","post_formats_pos":"","meta_items_default":"1","meta_cat_style":"text","meta_author_img":"0","show_title":"1","container_width":"33","query_type":"custom","sort_by":"","sort_order":"desc","offset":"","reviews_only":"0","tags":"","post_ids":"","exclude_tags":"","exclude_ids":"","taxonomy":"","post_type":"post","heading_type":"","heading_colors":"","heading_link":"","heading_more_text":"","heading_more_link":"","heading_tag":"h4","column_gap":"","separators":"0","heading_align":"left"},"bunyad-social-2":{"title":"Stay In Touch","style":"a-2","counters":"","social":["facebook","twitter","pinterest","instagram","youtube","vimeo"]},"smartmag-block-posts-small-6":{"heading":"Our Picks","posts":"4","pagination":"0","pagination_type":"numbers-ajax","scheme":"","title_tag":"h4","columns":"","space_below":"none","cat_labels":"","cat_labels_pos":"","title_lines":"","excerpt_length":"15","show_media":"1","media_pos":"left","media_ratio":"","reviews":"","show_post_formats":"0","meta_items_default":"1","meta_cat_style":"text","meta_author_img":"0","show_title":"1","style":"a","container_width":"33","carousel":"0","carousel_slides":"","carousel_slides_md":"","carousel_slides_sm":"","carousel_arrows":"b","carousel_dots":"1","carousel_autoplay":"0","carousel_play_speed":"","query_type":"custom","sort_by":"","sort_days":"30","sort_order":"desc","offset":"","reviews_only":"0","tags":"","post_ids":"","exclude_tags":"","exclude_ids":"","taxonomy":"","tax_ids":"","post_type":"post","heading_type":"","heading_colors":"","heading_link":"","heading_more_text":"","heading_more_link":"","heading_tag":"h4","column_gap":"","css_column_gap":"","css_row_gap":"","separators":"1","heading_align":"left","load_more_style":"","has_css":"1"},"smartmag-block-newsletter-3":{"widget_title":"","headline":"Subscribe to Updates","service":"","message":"Get the latest creative news from SmartMag about art &amp; design.","submit_text":"Subscribe","disclaimer":"By signing up, you agree to the our terms and our <a href=\"#\">Privacy Policy<\/a> agreement.","checkbox":"1","image_type":"none","style":"c","scheme":"light","fields_style":"full","container":"sm","align":"center","icon":"mail-top"},"smartmag-block-codes-2":{"widget_title":"","code":"<a href=\"https:\/\/theme-sphere.com\/buy\/go.php?theme=smartmag\" target=\"_blank\">\r\n<img src=\"https:\/\/smartmag.theme-sphere.com\/news-bulletin\/wp-content\/uploads\/sites\/26\/2021\/11\/Smart-Woman.jpg\" width=\"336\" height=\"280\" alt=\"Demo\" \/>\r\n<\/a>","code_amp":"","label":""}},"smartmag-off-canvas":{"smartmag-block-newsletter-2":{"widget_title":"","headline":"Subscribe to Updates","service":"","custom_form":"","message":"Get the latest creative news from FooBar about art, design and business.","submit_url":"","disclaimer":"By signing up, you agree to the our terms and our <a href=\"#\">Privacy Policy<\/a> agreement.","checkbox":"1","image_type":"none","image":"","image_2x":"","style":"b","scheme":"light","fields_style":"full","container":"sm","align":"center","icon":""},"smartmag-block-posts-small-7":{"heading":"What's Hot","posts":"3","pagination":"0","scheme":"","title_tag":"h4","columns":"","space_below":"none","cat_labels":"","title_lines":"","show_media":"1","media_pos":"left","media_ratio":"","reviews":"","show_post_formats":"0","meta_items_default":"1","meta_cat_style":"text","meta_author_img":"0","show_title":"1","style":"a","container_width":"33","carousel":"0","carousel_arrows":"b","query_type":"custom","sort_by":"","sort_order":"desc","offset":"","reviews_only":"0","tags":"","post_ids":"","taxonomy":"","post_type":"post","heading_type":"","heading_colors":"","heading_link":"","heading_more_text":"","heading_more_link":"","column_gap":"","css_column_gap":"","css_row_gap":"","separators":"1","heading_align":"left","has_css":"1"}},"main-footer":{"bunyad_about_widget-2":{"title":"About Us","text":"Your source for the lifestyle news. This demo is crafted specifically to exhibit the use of the theme as a lifestyle site. Visit our main page for more demos.\r\n\r\nWe're accepting new partnerships right now.\r\n\r\n<strong>Email Us:<\/strong> info@example.com\r\n<strong>Contact:<\/strong> +1-320-0123-451","logo_text":"","image":"https:\/\/smartmag.theme-sphere.com\/news-bulletin\/wp-content\/uploads\/sites\/26\/2021\/11\/logo-newsline365-mobile-1.png","image_2x":"https:\/\/smartmag.theme-sphere.com\/news-bulletin\/wp-content\/uploads\/sites\/26\/2021\/11\/logo-newsline365-mobile-1@2x.png","image_type":"logo","social":["facebook","twitter","pinterest","youtube","whatsapp"],"image_circle":0},"smartmag-block-posts-small-2":{"heading":"Our Picks","posts":"3","pagination":"0","pagination_type":"numbers-ajax","pagination_links":"1","scheme":"","title_tag":"h4","columns":"","space_below":"none","cat_labels":"","cat_labels_pos":"","title_lines":"","excerpt_lines":"","excerpt_length":"15","show_media":"1","media_pos":"left","media_ratio":"","reviews":"","show_post_formats":"0","meta_items_default":"1","meta_cat_style":"text","meta_author_img":"0","show_title":"1","style":"a","container_width":"33","carousel":"0","carousel_slides":"","carousel_slides_md":"","carousel_slides_sm":"","carousel_arrows":"b","carousel_dots":"1","carousel_autoplay":"0","carousel_play_speed":"","query_type":"custom","sort_by":"","sort_days":"30","sort_order":"desc","offset":"","reviews_only":"0","tags":"","post_ids":"","exclude_tags":"","exclude_ids":"","taxonomy":"","tax_ids":"","post_type":"post","heading_type":"","heading_colors":"","heading_link":"","heading_more_text":"","heading_more_link":"","heading_tag":"h4","column_gap":"","css_column_gap":"","css_row_gap":"","separators":"1","heading_align":"left","load_more_style":"","has_css":"1"},"recent-comments-3":{"title":"New Comments","number":4}}}