{"smartmag-bbpress":{"smartmag-block-posts-small-3":{"heading":"Blog Posts","posts":"4","pagination":"0","scheme":"","title_tag":"h4","columns":"","space_below":"none","cat_labels":"","title_lines":"","show_media":"1","media_pos":"left","media_ratio":"","reviews":"","show_post_formats":"0","meta_items_default":"1","meta_cat_style":"text","meta_author_img":"0","show_title":"1","style":"a","container_width":"33","carousel":"0","carousel_arrows":"b","query_type":"custom","sort_by":"","sort_order":"desc","offset":"","reviews_only":"0","tags":"","post_ids":"","taxonomy":"","post_type":"post","heading_type":"","heading_colors":"","heading_link":"","heading_more_text":"","heading_more_link":"","column_gap":"","css_column_gap":"","css_row_gap":"","separators":"1","heading_align":"left","has_css":"1"}},"smartmag-primary":{"smartmag-block-posts-small-6":{"heading":"Editors Picks","posts":"4","pagination":"0","scheme":"","title_tag":"h4","columns":"1","space_below":"none","cat_labels":"","title_lines":"","show_media":"1","media_pos":"left","media_ratio":"","reviews":"","show_post_formats":"0","meta_items_default":"1","meta_cat_style":"text","meta_author_img":"0","show_title":"1","style":"a","container_width":"33","carousel":"0","carousel_arrows":"b","query_type":"custom","sort_by":"","sort_order":"desc","offset":"","reviews_only":"0","tags":"featured","post_ids":"","taxonomy":"","post_type":"post","heading_type":"","heading_colors":"","heading_link":"","heading_more_text":"","heading_more_link":"","column_gap":"","css_column_gap":"","css_row_gap":"","separators":"1","heading_align":"left","has_css":"1"},"smartmag-block-grid-2":{"heading":"Latest Posts","posts":"3","pagination":"0","scheme":"","title_tag":"h3","style":"sm","columns":"1","space_below":"none","cat_labels":"","title_lines":"","excerpts":"0","show_media":"1","media_location":"","media_ratio":"","media_embed":"0","numbers":"a","read_more":"","reviews":"none","show_post_formats":"1","post_formats_pos":"","show_content":"1","meta_items_default":"0","meta_below":["date"],"meta_cat_style":"text","meta_author_img":"0","show_title":"1","container_width":"33","carousel":"0","carousel_arrows":"b","query_type":"custom","sort_by":"","sort_order":"desc","offset":"","reviews_only":"1","tags":"","post_ids":"","taxonomy":"","post_type":"post","heading_type":"","heading_colors":"","heading_link":"","heading_more_text":"","heading_more_link":"","column_gap":"","css_column_gap":"","css_row_gap":"","heading_align":"left","has_css":"1"},"smartmag-block-newsletter-3":{"widget_title":"","headline":"Subscribe to Updates","service":"","message":"Get the latest sports news from SportsSite about soccer, football and tennis.","disclaimer":"By signing up, you agree to the our terms and our <a href=\"#\">Privacy Policy<\/a> agreement.","checkbox":"1","image_type":"none","style":"c","scheme":"light","fields_style":"full","container":"sm","align":"center","icon":"mail-top"},"smartmag-block-codes-2":{"widget_title":"","code":"<a href=\"http:\/\/theme-sphere.com\/buy\/go.php?theme=smartmag\" target=\"_blank\"><img src=\"https:\/\/smartmag.theme-sphere.com\/tech-1\/wp-content\/uploads\/sites\/7\/2021\/01\/300x600-banner-tech-02.jpg\" width=\"300\" height=\"600\" alt=\"Demo\" \/><\/a>","code_amp":"","label":"Advertisement"}},"smartmag-off-canvas":{"smartmag-block-posts-small-7":{"heading":"What's Hot","posts":"3","pagination":"0","scheme":"","title_tag":"h4","columns":"","space_below":"none","cat_labels":"","title_lines":"","show_media":"1","media_pos":"left","media_ratio":"","reviews":"","show_post_formats":"0","meta_items_default":"1","meta_cat_style":"text","meta_author_img":"0","show_title":"1","style":"a","container_width":"33","carousel":"0","carousel_arrows":"b","query_type":"custom","sort_by":"","sort_order":"desc","offset":"","reviews_only":"0","tags":"","post_ids":"","taxonomy":"","post_type":"post","heading_type":"","heading_colors":"","heading_link":"","heading_more_text":"","heading_more_link":"","column_gap":"","css_column_gap":"","css_row_gap":"","separators":"1","heading_align":"left","has_css":"1"}},"main-footer":{"bunyad_about_widget-2":{"title":"About Us","text":"Your source for the lifestyle news. This demo is crafted specifically to exhibit the use of the theme as a lifestyle site. Visit our main page for more demos.\r\n\r\nWe're accepting new partnerships right now.\r\n\r\n<strong>Email Us:<\/strong> info@example.com\r\n<strong>Contact:<\/strong> +1-320-0123-451","logo_text":"","image":"https:\/\/smartmag.theme-sphere.com\/good-news\/wp-content\/uploads\/sites\/6\/2021\/01\/goodnews-logo-footer.png","image_2x":"https:\/\/smartmag.theme-sphere.com\/good-news\/wp-content\/uploads\/sites\/6\/2021\/01\/goodnews-logo-footer-2x.png","image_type":"logo","image_circle":0},"smartmag-block-posts-small-2":{"heading":"Our Picks","posts":"3","pagination":"0","scheme":"","title_tag":"h4","columns":"","space_below":"none","cat_labels":"","title_lines":"","show_media":"1","media_pos":"left","media_ratio":"","reviews":"","show_post_formats":"0","meta_items_default":"1","meta_cat_style":"text","meta_author_img":"0","show_title":"1","style":"a","container_width":"33","carousel":"0","carousel_arrows":"b","query_type":"custom","sort_by":"","sort_order":"desc","offset":"","reviews_only":"0","tags":"picks","post_ids":"","taxonomy":"","post_type":"post","heading_type":"","heading_colors":"","heading_link":"","heading_more_text":"","heading_more_link":"","column_gap":"","css_column_gap":"","css_row_gap":"","separators":"1","heading_align":"left","has_css":"1"},"recent-comments-3":{"title":"New Comments","number":4}}}