{
	".fa": "fa",
	".cf": "cf",
	".in": "in",
	".ir": "ir",
	".tsi": "tsi",
	".by": "by",
	".to": "to",
	".vk": "vk",
	"._": "_",
	".amp": "amp",
	".js": "js",
	".off": "off",
	".s-light": "t",
	".s-dark": "n",
	".site-s-dark": "r",
	".ts-button": "i",
	".ts-button-alt": "s",
	".ts-button-b": "o",
	".modern-quote": "u",
	".wp-block-pullquote": "a",
	".is-style-modern": "f",
	".alignleft": "talignn",
	".alignright": "raligni",
	".pull": "l",
	".search-form": "c",
	".search-field": "h",
	".limit-line": "p",
	".limit-lines": "d",
	".l-lines-1": "v",
	".l-lines-2": "m",
	".l-lines-3": "g",
	".l-lines-4": "y",
	".ellipsis": "b",
	".screen-reader-text": "w",
	".visuallyhidden": "x",
	".main-color": "k",
	".post-title": "j",
	".separator": "q",
	".no-line": "z",
	".half": "te",
	".ts-spinner": "tt",
	".no-display": "tn",
	".appear": "tr",
	".post-content": "ti",
	".wp-post-image": "ts",
	".fade-in": "tu",
	".fade-out": "ta",
	".fade": "tf",
	".fade-in-up": "tl",
	".fade-in-down-lg": "tc",
	".fade-in-up-lg": "th",
	".no-transition": "tp",
	".media-ratio": "td",
	".ratio-1-1": "tv",
	".ratio-4-3": "tm",
	".ratio-3-2": "tg",
	".ratio-16-9": "ty",
	".ratio-21-9": "tb",
	".ratio-3-4": "tw",
	".ratio-2-3": "tx",
	".show-lg": "tk",
	".show-md": "t_",
	".show-sm": "tj",
	".show-xs": "tq",
	".main-wrap": "tz",
	".ts-contain": "ne",
	".wrap": "nt",
	".main": "nn",
	".main-content": "nr",
	".no-sidebar": "ni",
	".col-8": "col-t",
	".b-row": "ns",
	".row": "no",
	".ts-row": "nu",
	".grid": "na",
	".cols-not-eq": "nf",
	".cols-gap-sm": "nl",
	".cols-gap-lg": "nc",
	".cols-gap-xlg": "nh",
	".cols-gap-min": "np",
	".grid-1": "nd",
	".grid-2": "nv",
	".grid-3": "nm",
	".grid-4": "ng",
	".grid-5": "ny",
	".grid-6": "nb",
	".grid-auto": "nw",
	".grid-4-8": "nx",
	".grid-8-4": "nk",
	".md": "n_",
	".sm": "rr",
	".xs": "rl",
	".col-1": "col-n",
	".col-2": "col-r",
	".col-2-4": "col-i",
	".col-3": "col-s",
	".col-4": "col-o",
	".col-5": "col-u",
	".col-6": "col-a",
	".col-7": "col-f",
	".col-9": "col-l",
	".col-10": "col-c",
	".col-11": "col-h",
	".col-12": "col-p",
	".column": "rg",
	".three-fourth": "ry",
	".two-third": "rb",
	".one-third": "rw",
	".one-fourth": "rx",
	".one-fifth": "rk",
	".two-fifth": "r_",
	".three-fifth": "rj",
	".four-fifth": "rq",
	".right": "rz",
	".left": "ie",
	".center": "it",
	".breadcrumbs": "ii",
	".delim": "is",
	".label": "io",
	".inner": "iu",
	".breadcrumbs-a": "ia",
	".breadcrumbs-b": "if",
	".is-full-width": "il",
	".main-featured": "ic",
	".is-container": "ih",
	".slides": "ip",
	".common-slider": "id",
	".slick-initialized": "iv",
	".slick-arrow": "im",
	".slick-disabled": "ig",
	".slick-track": "iy",
	".prev-arrow": "ib",
	".next-arrow": "iw",
	".item": "ix",
	".loaded": "ik",
	".parallax": "i_",
	".arrow-hover": "ij",
	".nav-dots": "iq",
	".slick-active": "iz",
	".slider-arrow-b": "se",
	".alignnone": "saligno",
	".wp-block-embed": "st",
	".wp-block-gallery": "sn",
	".wp-block-image": "sr",
	".alignfull": "ualigna",
	".alignwide": "falignl",
	".aligncenter": "calignh",
	".wp-caption": "si",
	".wp-caption-text": "ss",
	".blocks-gallery-caption": "so",
	".wp-block-embed__wrapper": "su",
	".wp-block-embed-instagram": "sa",
	".wp-block-embed-twitter": "sf",
	".wp-block-embed-youtube": "sl",
	".wp-block-quote": "sc",
	".is-style-large": "sh",
	".has-text-color": "sp",
	".is-style-default": "sd",
	".wp-block-pullquote__citation": "t__citationn",
	".is-style-solid-color": "sv",
	".wp-block-separator": "sm",
	".is-style-wide": "sg",
	".is-style-dots": "sy",
	".wp-block-audio": "sb",
	".wp-block-columns": "sw",
	".wp-block-column": "sx",
	".has-drop-cap": "sk",
	".has-background": "s_",
	".has-very-light-gray-background-color": "sj",
	".wp-block-button": "sq",
	".is-style-outline": "sz",
	".wp-block-button__link": "oe",
	".wp-block-cover": "ot",
	".wp-block-cover__inner-container": "on",
	".wp-block-media-text": "or",
	".wp-block-group": "oi",
	".wp-block-group__inner-container": "os",
	".wp-block-latest-posts__list": "oo",
	".wp-block-latest-posts": "ou",
	".wp-block-social-links": "oa",
	".wp-block-table": "of",
	".is-style-stripes": "ol",
	".entry-content": "oc",
	".textwidget": "oh",
	".has-small-font-size": "op",
	".has-regular-font-size": "od",
	".has-large-font-size": "ov",
	".has-larger-font-size": "om",
	".search-submit": "og",
	".tiled-gallery": "oy",
	".wp-block-cover-image": "ob",
	".pinit-btn": "ow",
	".twitter-tweet": "ox",
	".instagram-media": "ok",
	".fluid-width-video-wrapper": "o_",
	".content-spacious": "oj",
	".gallery": "oq",
	".review-box": "oz",
	".content-spacious-full": "ue",
	".spc-social": "ut",
	".icon": "un",
	".link": "ur",
	".spc-social-a": "ui",
	".spc-social-b": "us",
	".spc-social-c": "uo",
	".spc-social-bg": "uu",
	".s-facebook": "ua",
	".s-twitter": "uf",
	".s-instagram": "ul",
	".s-pinterest": "uc",
	".s-vimeo": "uh",
	".s-rss": "up",
	".s-tumblr": "ud",
	".s-youtube": "uv",
	".s-linkedin": "um",
	".s-dribble": "ug",
	".s-soundcloud": "uy",
	".s-vk": "ub",
	".spc-social-c-icon": "uw",
	".post-meta": "ux",
	".post-meta-items": "uk",
	".meta-item": "u_",
	".has-icon": "uj",
	".post-cat": "uq",
	".post-author": "uz",
	".has-img": "ae",
	".cat-labels": "at",
	".text-in": "an",
	".category": "ar",
	".updated-on": "ai",
	".star-rating": "as",
	".main-stars": "ao",
	".is-title": "au",
	".pagination-numbers": "aa",
	".page-numbers": "af",
	".post-page-numbers": "al",
	".current": "ac",
	".dots": "ah",
	".next": "ap",
	".prev": "ad",
	".load-button": "av",
	".loading": "am",
	".pagination-more": "ag",
	".author-box": "ay",
	".author-info": "ab",
	".avatar": "aw",
	".social-icons": "ax",
	".description": "ak",
	".bio": "a_",
	".gallery-slider": "aj",
	".slick-slide": "aq",
	".caption": "az",
	".blocks-gallery-item": "fe",
	".blocks-gallery-image": "ft",
	".columns-3": "fn",
	".columns-4": "fr",
	".columns-5": "fi",
	".columns-6": "fs",
	".columns-7": "fo",
	".columns-8": "fu",
	".grid-overlay": "ff",
	".content-wrap": "fl",
	".pos-center": "fc",
	".pos-v-center": "fh",
	".content": "fp",
	".pos-top": "fd",
	".pos-bot": "fv",
	".media": "fm",
	".image-link": "fg",
	".hover-zoom": "fy",
	".meta-contrast": "fb",
	".meta-hide": "fw",
	".meta-below": "fx",
	".grid-overlay-a": "fk",
	".grid-overlay-b": "f_",
	".l-post": "fj",
	".p-meta-b": "fq",
	".excerpt": "fz",
	".has-nums-a": "le",
	".c-overlay": "lt",
	".p-top-left": "ln",
	".p-top-right": "lr",
	".p-bot-left": "li",
	".p-bot-right": "ls",
	".p-center": "lo",
	".format-overlay": "lu",
	".format-video": "la",
	".review-radial": "lf",
	".counter": "ll",
	".percent": "lc",
	".review-number": "lh",
	".progress": "lp",
	".progress-radial": "ld",
	".grid-post": "lv",
	".content-above": "lm",
	".grid-sm-post": "lg",
	".grid-lg-post": "ly",
	".read-more-link": "lb",
	".list-post": "lw",
	".m-pos-right": "lx",
	".small-post": "lk",
	".slick-slider": "l_",
	".small-b-post": "lj",
	".overlay-post": "lq",
	".loop": "lz",
	".main-pagination": "ce",
	".has-nums": "ct",
	".loop-sep": "cn",
	".loop-grid": "cr",
	".sticky": "ci",
	".loop-grid-sm": "cs",
	".loop-grid-lg": "co",
	".loop-list": "cu",
	".loop-list-sep": "ca",
	".loop-small": "cl",
	".loop-small-sep": "cc",
	".loop-small-b": "ch",
	".loop-overlay": "cp",
	".loop-timeline": "cd",
	".month": "cv",
	".heading": "cm",
	".posts": "cg",
	".block-highlights": "cy",
	".feat-grid": "cb",
	".items-wrap": "cw",
	".item-1": "cx",
	".item-2": "ck",
	".item-3": "c_",
	".item-4": "cj",
	".item-5": "cq",
	".item-large": "cz",
	".item-small": "he",
	".item-medium": "ht",
	".slider": "hn",
	".feat-grid-full": "hr",
	".grid-overlay-c": "hi",
	".feat-grid-ratio": "hs",
	".item-main": "ho",
	".feat-grid-height": "hu",
	".feat-grid-equals": "ha",
	".slick-list": "hf",
	".static": "hl",
	".feat-grid-a": "hc",
	".feat-grid-a-full": "hh",
	".feat-grid-b": "hp",
	".feat-grid-c": "hd",
	".feat-grid-c-full": "hv",
	".feat-grid-d": "hm",
	".feat-grid-d-full": "hg",
	".feat-grid-eq1": "hy",
	".feat-grid-eq1-full": "hb",
	".feat-grid-eq2": "hw",
	".feat-grid-eq2-full": "hx",
	".feat-grid-eq3": "hk",
	".feat-grid-eq3-full": "h_",
	".feat-grid-eq4": "hj",
	".feat-grid-eq5": "hq",
	".feat-grid-eq5-full": "hz",
	".news-focus": "pe",
	".section-head": "pt",
	".blocks": "pn",
	".news-0": "pr",
	".posts-list": "pi",
	".block-focus-grid": "ps",
	".loop-carousel": "po",
	".slick-dotted": "pu",
	".spc-newsletter": "pa",
	".bg-wrap": "pf",
	".media-full": "pl",
	".message": "pc",
	".fields": "ph",
	".fields-style": "pp",
	".disclaimer": "pd",
	".fields-inline": "pv",
	".main-fields": "pm",
	".field-email": "pg",
	".field-submit": "py",
	".fields-full": "pb",
	".has-top-icon": "pw",
	".mail-bg-icon": "px",
	".mail-top-icon": "pk",
	".mail-icon": "p_",
	".spc-newsletter-xs": "pj",
	".spc-newsletter-lg": "pq",
	".spc-newsletter-a": "pz",
	".main-top-icon": "de",
	".spc-newsletter-center": "dt",
	".spc-newsletter-leter": "dn",
	".spc-newsletter-b": "dr",
	".spc-newsletter-c": "di",
	".mobile-menu": "ds",
	".mega-menu": "do",
	".nav-icons": "du",
	".item-active": "da",
	".chevron": "df",
	".off-canvas": "dl",
	".off-canvas-head": "dc",
	".off-canvas-content": "dh",
	".has-scrollbar": "dp",
	".logo-image": "dd",
	".ts-logo": "dv",
	".close": "dm",
	".admin-bar": "dg",
	".hide-widgets-sm": "dy",
	".off-canvas-widgets": "db",
	".hide-menu-lg": "dw",
	".off-canvas-backdrop": "dx",
	".off-canvas-active": "dk",
	".widget": "d_",
	".search-modal": "dj",
	".mfp-bg": "dq",
	".mfp-ready": "dz",
	".mfp-removing": "ve",
	".search-modal-wrap": "vt",
	".mfp-wrap": "vn",
	".mfp-close": "vr",
	".search-modal-box": "vi",
	".live-search-results": "vs",
	".base-text": "vo",
	".block-head": "vu",
	".color": "va",
	".arrow": "vf",
	".view-link": "vl",
	".filters": "vc",
	".active": "vh",
	".is-center": "vp",
	".block-head-ac": "vd",
	".block-head-a": "vv",
	".block-head-a2": "vm",
	".block-head-b": "vg",
	".block-head-c": "vy",
	".block-head-c2": "vb",
	".block-head-d": "vw",
	".block-head-e": "vx",
	".is-left": "v_",
	".block-head-e2": "vj",
	".block-head-f": "vq",
	".block-head-g": "vz",
	".block-head-h": "me",
	".block-head-i": "mt",
	".feedburner": "mn",
	".feedburner-email": "mr",
	".feedburner-subscribe": "mi",
	".fa-twitter": "ms",
	".fa-pinterest": "mo",
	".fa-facebook": "mu",
	".fa-linkedin": "ma",
	".fa-rss": "mf",
	".fa-google-plus": "ml",
	".fa-instagram": "mc",
	".fa-youtube": "mh",
	".fa-tumblr": "mp",
	".fa-stumbleupon": "md",
	".fa-vk": "mv",
	".fa-vimeo": "mm",
	".fa-vimeo-square": "mg",
	".cat-labels-overlay": "my",
	".ar-bunyad-main-full": "mb",
	".ar-bunyad-main": "mw",
	".ar-bunyad-grid": "mx",
	".ar-bunyad-list": "mk",
	".ar-bunyad-overlay": "m_",
	".ar-bunyad-thumb": "mj",
	".ar-bunyad-classic-slider": "mq",
	".ar-bunyad-classic-slider-sm": "mz",
	".ar-bunyad-classic-slider-md": "ge",
	".navigation": "gt",
	".menu": "gn",
	".sub-menu": "gr",
	".only-icon": "gi",
	".has-parent-state": "gs",
	".current-menu-ancestor": "go",
	".current-menu-parent": "gu",
	".current-menu-item": "ga",
	".menu-item": "gf",
	".nav-hov-a": "gl",
	".nav-hov-b": "gc",
	".mega-menu-a": "gh",
	".sub-cats": "gp",
	".smart-head-row-full": "gd",
	".items-center": "gv",
	".items-right": "gm",
	".nav-relative": "gg",
	".lazyload": "gy",
	".recent-posts": "gb",
	".post": "gw",
	".mega-menu-b": "gx",
	".extend": "gk",
	".sub-nav": "g_",
	".links": "gj",
	".smart-head-search": "gq",
	".search-button": "gz",
	".query": "ye",
	".view-all": "yt",
	".no-results": "yn",
	".smart-head-row": "yr",
	".trending-ticker": "yi",
	".post-link": "ys",
	".logo-image-dark": "yo",
	".smart-head": "yu",
	".logo-link": "ya",
	".search-icon": "yf",
	".h-date": "yl",
	".cart-icon": "yc",
	".cart-link": "yh",
	".text": "yp",
	".cart-count-wrap": "yd",
	".cart-counter": "yv",
	".auth-link": "ym",
	".h-text": "yg",
	".is-icon": "yy",
	".has-icon-only": "yb",
	".nav-wrap": "yw",
	".scheme-switcher": "yx",
	".toggle": "yk",
	".toggle-light": "y_",
	".toggle-dark": "yj",
	".smart-head-row-3": "yq",
	".smart-head-top": "yz",
	".smart-head-mid": "be",
	".smart-head-bot": "bt",
	".items": "bn",
	".empty": "br",
	".navigation-small": "bi",
	".smart-head-b": "bs",
	".smart-head-legacy": "bo",
	".smart-head-mobile": "bu",
	".offcanvas-toggle": "ba",
	".hamburger-icon": "bf",
	".smart-head-sticky": "bl",
	".animate": "bc",
	".widget_recent_comments": "bh",
	".widget_recent_entries": "bp",
	".widget_archive": "bd",
	".widget_categories": "bv",
	".widget_links": "bm",
	".widget_meta": "bg",
	".widget_nav_menu": "bb",
	".widget_pages": "bw",
	".widget_product_categories": "bx",
	".widget_rss": "bk",
	".widget_search": "b_",
	"#searchsubmit": "bj",
	".url": "bq",
	".recentcomments": "bz",
	".comment-author-link": "we",
	".page-blocks": "wt",
	".children": "wn",
	".tagcloud": "wr",
	".widgettitle": "wi",
	".widget_calendar": "ws",
	".wp-calendar-table": "wo",
	".widget-tabbed": "wu",
	".tabs-list": "wa",
	".tabs-data": "wf",
	".tab-widget-wrap": "wl",
	".inactive": "wc",
	".flickr-widget": "wh",
	".flickr_badge_image": "wp",
	".spc-social-follow": "wd",
	".service-link": "wv",
	".the-icon": "wm",
	".count": "wg",
	".spc-social-follow-a": "wy",
	".services": "wb",
	".service": "ww",
	".spc-social-follow-b": "wx",
	".spc-social-follow-c": "wk",
	".has-count": "w_",
	".spc-insta-image-wrap": "wj",
	".spc-insta-media": "wq",
	".spc-insta-item": "wz",
	".spc-insta-image": "xe",
	".the-post": "xt",
	".featured": "xn",
	".the-post-modern": "xr",
	".single-featured": "xi",
	".post-header": "xs",
	".comments": "xo",
	".the-post-meta": "xu",
	".cats": "xa",
	".title-above": "xf",
	".s-head-modern": "xl",
	".sub-title": "xc",
	".s-head-large": "xh",
	".s-post-large-center": "xp",
	".s-post-large": "xd",
	".s-head-center": "xv",
	".post-share-b": "xm",
	".has-s-large-bot": "xg",
	".main-sidebar": "xy",
	".post-pagination": "xb",
	".the-post-tags": "xw",
	".spc-alp-main": "xx",
	".spc-auto-load-post": "xk",
	".spc-alp-loader": "x_",
	".criteria": "xj",
	".verdict-box": "xq",
	".overall": "xz",
	".number": "ke",
	".best": "kt",
	".verdict": "kn",
	".summary": "kr",
	".criterion": "ki",
	".rating": "ks",
	".bar": "ko",
	".rating-bar": "ku",
	".stars": "ka",
	".overall-stars": "kf",
	".user-ratings": "kl",
	".votes": "kc",
	".hover-number": "kh",
	".voted": "kp",
	".post-share-bot": "kd",
	".info": "kv",
	".share-links": "km",
	".facebook": "kg",
	".twitter": "ky",
	".pinterest": "kb",
	".linkedin": "kw",
	".tumblr": "kx",
	".email": "kk",
	".show-more": "k_",
	".all": "kj",
	".post-share-b2": "kq",
	".navigate-posts": "kz",
	".previous": "_e",
	".title": "_t",
	".related-posts": "_n",
	".comments-list": "_r",
	".comment": "_i",
	".comment-content": "_s",
	".comment-meta": "_o",
	".bypostauthor": "_u",
	".comment-author": "_a",
	".pingback": "_f",
	".reply": "_l",
	".comment-nav": "_c",
	".nav-previous": "_h",
	".nav-next": "_p",
	".comment-respond": "_d",
	".comment-reply-title": "_v",
	".comment-form": "_m",
	".form-field": "_g",
	".form-submit": "_y",
	".submit": "_b",
	".ts-comments-hidden": "_w",
	".ts-comments-show": "_x",
	".post-layout-cover": "_k",
	".post-cover": "__",
	".hidden": "_j",
	".overlay": "_q",
	".posted-by": "_z",
	".posted-on": "je",
	".fa-comments-o": "jt",
	".post-slideshow": "jn",
	".content-page": "jr",
	".post-pagination-large": "ji",
	".bottom": "jo",
	".main-heading": "ju",
	".page": "ja",
	".page-content": "jf",
	".author": "jl",
	".authors-list": "jc",
	".wpcf7": "jh",
	".wpcf7-not-valid-tip": "jp",
	".page-404": "jd",
	".text-404": "jv",
	".archive-heading": "jm",
	".archive-description": "jg",
	".archive-author-box": "jy",
	".block-wrap": "jb",
	".mb-sm": "jw",
	".mb-md": "jx",
	".mb-none": "jk",
	".block-content": "j_",
	".read-more-btn": "jj",
	".read-more-btn-b": "jq",
	".read-more-basic": "jz",
	".has-sb-sep": "qe",
	".elementor-element-populated": "qt",
	".theiaStickySidebar": "qn",
	".main-footer": "qr",
	".main-full": "qi",
	".upper-footer": "qs",
	".lower-footer": "qo",
	".classic-footer-lower": "qu",
	".bold-footer-upper": "qa",
	".bold-footer-lower": "qf",
	".footer-logo": "ql",
	".widget-about": "qc",
	".logo-text": "qh",
	".image-logo": "qp",
	".image-full": "qd",
	".image-circle": "qv",
	".about-text": "qm",
	".widget-about-centered": "qg",
	".layout-boxed": "qy",
	".ts-bg-cover": "qb",
	".a-wrap": "qw",
	".a-wrap-base": "qx",
	".a-wrap-bg": "qk",
	".a-wrap-2": "q_",
	".a-wrap-3": "qj",
	".a-wrap-5": "qq",
	".a-wrap-6": "qz",
	".ts-modal": "ze",
	".is-open": "zt",
	".ts-modal-overlay": "zn",
	".ts-modal-container": "zr",
	".ts-modal-header": "zi",
	".close-btn": "zs",
	".auth-modal": "zo",
	".auth-modal-register": "zu",
	".auth-widget": "za",
	".input-group": "zf",
	".footer": "zl",
	".remember": "zc",
	".social-login": "zh",
	".s-google": "zp",
	".social-label": "zd",
	".dragging": "zv",
	".slick-loading": "zm",
	".slick-vertical": "zg",
	".slick-hidden": "zy",
	".has-el-gap": "zb",
	".elementor-container": "zw",
	".elementor-column": "zx",
	".elementor-inner-section": "zk",
	".el-gap-default": "tel-gap-n",
	".elementor-widget": "z_",
	".el-gap-sm": "rel-gap-i",
	".el-gap-lg": "sel-gap-o",
	".el-gap-xlg": "uel-gap-a",
	".elementor-section": "zj",
	".elementor-section-boxed": "zq",
	".is-full-xs": "zz",
	".elementor-element-overlay": "tee",
	".elementor-top-section": "tet",
	".elementor-widget-divider": "ten",
	".inline-field": "ter",
	".main-head": "tei",
	".simple": "tes",
	".single-creative": "teo",
	".share-float-b": "teu",
	".post-share-float": "tea",
	".is-hidden": "tef",
	".wp-post-img": "tel",
	".post-layout-large-center": "ted",
	".has-white-background-color": "tev",
	".has-cyan-bluish-gray-background-color": "tem",
	".has-very-dark-gray-background-color": "teg",
	".has-black-background-color": "tey",
	".has-white-color": "teb",
	".has-very-light-gray-color": "tew",
	".has-cyan-bluish-gray-color": "tex",
	".has-very-dark-gray-color": "tek",
	".has-black-color": "te_",
	".bg-ratio": "tej",
	".bg-cover": "teq",
	".lazyloading": "tez",
	".lazyloaded": "tte",
	".block-news-focus": "ttt",
	".spc-insta-link": "ttn",
	".single-magazine": "ttr",
	".share-text": "tti",
	".gplus": "tts",
	".sticky-top": "tto",
	".has-share-float": "ttu",
	".content-normal": "tta",
	".post-share-float-wrap": "ttf",
	".share-float": "ttl",
	".share-float-a": "ttc",
	".s-email": "tth",
	".share-float-c": "ttp",
	".share-float-d": "ttd",
	".s-whatsapp": "ttv",
	".ts-sticky-col": "ttm",
	".theiaStickysidebar": "ttg",
	".elementor-default": "tty",
	".has-next-icon": "ttb",
	".has-author-img": "ttw",
	".a-wrap-8": "ttx",
	".first-child": "ttk",
	".wp-block-buttons": "tt_",
	".has-dark-gray-color": "ttj",
	".has-dark-gray-background-color": "ttq",
	".author-image": "ttz",
	".has-the-post-modern": "tne",
	".has-spacious-full": "tnt",
	".post-layout-modern": "tnn",
	".wrpa-spacious-full": "tnr",
	".wrap-spacious-full": "tni",
	".the-post-header": "tns",
	".post-share": "tno",
	".widgets": "tnu",
	".review": "tna",
	".block-newsletter": "tnf",
	".item-mega-menu": "tnl",
	".mu_register": "tnc",
	".wp-signup-container": "tnh",
	".signup-content": "tnp",
	".list-post-v-center": "tnd",
	".has-center-nav": "tnv",
	".has-float-in": "tnm",
	".has-sf-in": "tng",
	".has-share-float-in": "tny",
	".at-viewport": "tnb",
	".post-share-float-vp": "tnw",
	".elementor": "tnx",
	".elementor-hidden-phone": "tnk",
	".elementor-hidden-tablet": "tn_",
	".elementor-hidden-desktop": "tnj",
	".s-reddit": "tnq",
	".load-button-a": "tnz",
	".gallery-columns-1": "tre",
	".gallery-columns-2": "trt",
	".gallery-columns-3": "trn",
	".gallery-columns-4": "trr",
	".gallery-columns-5": "tri",
	".gallery-columns-6": "trs",
	".gallery-columns-7": "tro",
	".gallery-columns-8": "tru",
	".gallery-columns-9": "tra",
	".gallery-item": "trf",
	".right-sidebar": "trl",
	".p-top-center": "trc",
	".p-bot-center": "trh",
	".l-post-center": "trp",
	".hamburger-icon-b": "trd",
	".el-col-sep": "trv",
	".share-float-e": "trm",
	".s-telegram": "trg",
	".s-tiktok": "try",
	".s-discord": "trb",
	".s-twitch": "trw",
	".service-sm": "trx",
	".service-lg": "trk",
	".amp-img": "tr_",
	".logo-image-dark~": "trj",
	".touch": "trq",
	".interacted": "trz",
	".ts-interact": "tie",
	".logo-is-image": "tit",
	".grid-card-post": "tin",
	".grid-stylish-post": "tir",
	".has-nums-b": "tii",
	".has-nums-c": "tis",
	".ts-sticky-native-col": "tio",
	".ts-sticky-native": "tiu",
	".elementor-widget-wrap": "tia",
	".loop-list-grid-sm": "tif",
	".grid-sm": "til",
	".grid-on-sm": "tic",
	".s-head-large-image": "tih",
	".ratio-is-custom": "tip",
	".post-share-b3": "tid",
	".smart-head-main": "tiv",
	".a-wrap-sm-full": "tim",
	".md:grid-1": "nj",
	".md:grid-2": "nq",
	".md:grid-3": "nz",
	".md:grid-4": "re",
	".md:grid-5": "rt",
	".md:grid-6": "rn",
	".md:grid-auto": "ri",
	".sm:grid-1": "rs",
	".sm:grid-2": "ro",
	".sm:grid-3": "ru",
	".sm:grid-4": "ra",
	".sm:grid-5": "rf",
	".sm:grid-6": "rc",
	".sm:grid-auto": "rh",
	".xs:grid-1": "rp",
	".xs:grid-2": "rd",
	".xs:grid-3": "rv",
	".xs:grid-4": "rm",
	".xs:grid-5": "tec",
	".xs:grid-6": "teh",
	".xs:grid-auto": "tep"
}